{
  "sharpe": 0.4351420589531442,
  "hit_rate": 0.6099000475963827,
  "total_pnl": 3948.8520774057624,
  "max_drawdown": 8.941314538452389,
  "num_trades": 10505,
  "threshold": 0.0,
  "confidence_weighted": false
}